questions,keywords
從社會保障政策的角度，分析其對貧富差距的潛在影響。,社會保障政策 貧富差距
請從金融市場波動性的角度，分析其對發展中國家經濟的深遠影響。,金融市場波動性 發展中國家經濟
請探討全球化影響與教育機會的關聯，並分析文獻中的爭議點。,全球化影響 教育機會
從歷史與當前數據的角度，分析技術進步對城市居民的影響。,技術進步 城市居民
從歷史與當前數據的角度，分析數位化對年輕一代的影響。,數位化 年輕一代
探討勞動法對於老年人口與環境可持續性的長期影響。,勞動法 老年人口 環境可持續性
請根據全球化的最新研究，探討其對家庭的多層次影響。,全球化 家庭
請探討人工智慧與企業績效的關聯，並分析文獻中的爭議點。,人工智慧 企業績效
請探討可持續發展與企業治理的關聯，並分析文獻中的爭議點。,可持續發展 企業治理
請探討可持續發展與創新能力的關聯，並分析文獻中的爭議點。,可持續發展 創新能力
分析人口增長對地方社區和企業績效的影響，並提出未來研究方向。,人口增長 地方社區 企業績效
探討企業社會責任政策對於城市居民與社會安全的長期影響。,企業社會責任政策 城市居民 社會安全
請描述勞動法在不同經濟體中的應用案例。,勞動法
請根據科技創新的最新研究，探討其對工人的多層次影響。,科技創新 工人
請從全球化影響的角度，分析其對勞動市場需求的深遠影響。,全球化影響 勞動市場需求
請分析數據隱私如何影響非營利組織，並總結政策建議。,數據隱私 非營利組織
請從企業社會責任的角度，分析其對貧富差距的深遠影響。,企業社會責任 貧富差距
請分析教育改革如何影響高技能勞動者，並總結政策建議。,教育改革 高技能勞動者
探討財政政策對於學生族群與公共衛生改善的長期影響。,財政政策 學生族群 公共衛生改善
從歷史與當前數據的角度，分析自動化對年輕一代的影響。,自動化 年輕一代
請從貨幣政策的角度，分析其對國際合作的深遠影響。,貨幣政策 國際合作
探討環境政策對於弱勢群體與勞動力市場改善的長期影響。,環境政策 弱勢群體 勞動力市場改善
描述全球疫情在不同地區的應用，並分析其對經濟穩定的影響。,全球疫情 經濟穩定
請從國際貿易的角度，分析其對企業成本結構的深遠影響。,國際貿易 企業成本結構
探討社會保障政策對於移民工人與企業創新的長期影響。,社會保障政策 移民工人 企業創新
描述氣候變化在不同地區的應用，並分析其對企業創新的影響。,氣候變化 企業創新
請根據貨幣政策的最新研究，探討其對非營利組織的多層次影響。,貨幣政策 非營利組織
從貿易協定的角度，分析其對投資者行為的潛在影響。,貿易協定 投資者行為
請分析全球化如何影響城市居民，並總結政策建議。,全球化 城市居民
描述人口增長在不同地區的應用，並分析其對產業發展的影響。,人口增長 產業發展
請描述醫療政策在不同經濟體中的應用案例。,醫療政策
請根據數據隱私的最新研究，探討其對地方社區的多層次影響。,數據隱私 地方社區
請描述財政政策在不同經濟體中的應用案例。,財政政策
探討稅收政策對於企業高層與收入差距縮小的長期影響。,稅收政策 企業高層 收入差距縮小
請探討教育改革與市場規模的關聯，並分析文獻中的爭議點。,教育改革 市場規模
描述社會移動在不同地區的應用，並分析其對社會福利提高的影響。,社會移動 社會福利提高
請根據金融市場波動性的最新研究，探討其對國家的多層次影響。,金融市場波動性 國家
請探討金融市場波動性與企業績效的關聯，並分析文獻中的爭議點。,金融市場波動性 企業績效
從歷史與當前數據的角度，分析全球能源需求對企業高層的影響。,全球能源需求 企業高層
請根據科技創新的最新研究，探討其對投資者的多層次影響。,科技創新 投資者
請根據最低工資政策的最新研究，探討其對學生的多層次影響。,最低工資政策 學生
請從最低工資政策的角度，分析其對企業成本結構的深遠影響。,最低工資政策 企業成本結構
分析人口增長對政府和政府效率的影響，並提出未來研究方向。,人口增長 政府 政府效率
探討醫療政策對於低收入群體與收入差距縮小的長期影響。,醫療政策 低收入群體 收入差距縮小
請分析人工智慧如何影響中小企業，並總結政策建議。,人工智慧 中小企業
分析全球暖化對消費者和資源配置的影響，並提出未來研究方向。,全球暖化 消費者 資源配置
請根據企業社會責任的最新研究，探討其對地方社區的多層次影響。,企業社會責任 地方社區
請描述補貼計劃在不同經濟體中的應用案例。,補貼計劃
探討財政政策對於中小企業與國際貿易增長的長期影響。,財政政策 中小企業 國際貿易增長
探討稅收政策對於農村人口與財政平衡的長期影響。,稅收政策 農村人口 財政平衡
探討補貼計劃對於低收入群體與企業創新的長期影響。,補貼計劃 低收入群體 企業創新
請從網絡安全的角度，分析其對經濟增長的深遠影響。,網絡安全 經濟增長
請描述社會保障政策在不同經濟體中的應用案例。,社會保障政策
請探討人工智慧與創新能力的關聯，並分析文獻中的爭議點。,人工智慧 創新能力
請根據金融科技的最新研究，探討其對消費者的多層次影響。,金融科技 消費者
請探討金融市場波動性與國際競爭力的關聯，並分析文獻中的爭議點。,金融市場波動性 國際競爭力
請從網絡安全的角度，分析其對勞動市場需求的深遠影響。,網絡安全 勞動市場需求
從財政政策的角度，分析其對產業升級的潛在影響。,財政政策 產業升級
請分析數據隱私如何影響老年人口，並總結政策建議。,數據隱私 老年人口
從歷史與當前數據的角度，分析技術進步對多國籍勞工的影響。,技術進步 多國籍勞工
請根據可持續發展的最新研究，探討其對社會大眾的多層次影響。,可持續發展 社會大眾
請根據教育改革的最新研究，探討其對企業的多層次影響。,教育改革 企業
分析資本流動對學生和資源配置的影響，並提出未來研究方向。,資本流動 學生 資源配置
分析全球能源需求對消費者和公共健康的影響，並提出未來研究方向。,全球能源需求 消費者 公共健康
從監管框架的角度，分析其對傳統銀行業務的潛在影響。,監管框架 傳統銀行業務
請根據醫療保健體系的最新研究，探討其對非營利組織的多層次影響。,醫療保健體系 非營利組織
請根據網絡安全的最新研究，探討其對投資者的多層次影響。,網絡安全 投資者
分析數位化對消費者和政府效率的影響，並提出未來研究方向。,數位化 消費者 政府效率
描述社會移動在不同地區的應用，並分析其對國際貿易增長的影響。,社會移動 國際貿易增長
請根據國際貿易的最新研究，探討其對家庭的多層次影響。,國際貿易 家庭
請分析金融科技如何影響非營利組織，並總結政策建議。,金融科技 非營利組織
從財政政策的角度，分析其對公共服務可及性的潛在影響。,財政政策 公共服務可及性
分析技術進步對跨國公司和金融穩定性的影響，並提出未來研究方向。,技術進步 跨國公司 金融穩定性
請根據科技創新的最新研究，探討其對跨國公司的多層次影響。,科技創新 跨國公司
描述自動化在不同地區的應用，並分析其對國際貿易增長的影響。,自動化 國際貿易增長
從歷史與當前數據的角度，分析技術進步對老年人口的影響。,技術進步 老年人口
從歷史與當前數據的角度，分析數位化對老年人口的影響。,數位化 老年人口
探討勞動法對於學生族群與社會福利提高的長期影響。,勞動法 學生族群 社會福利提高
描述氣候變化在不同地區的應用，並分析其對收入差距縮小的影響。,氣候變化 收入差距縮小
請從可持續發展的角度，分析其對中小型企業競爭力的深遠影響。,可持續發展 中小型企業競爭力
請根據國際貿易的最新研究，探討其對學生的多層次影響。,國際貿易 學生
分析資本流動對工人和社會福祉的影響，並提出未來研究方向。,資本流動 工人 社會福祉
請分析科技創新如何影響非營利組織，並總結政策建議。,科技創新 非營利組織
探討勞動法對於移民工人與減少貧困的長期影響。,勞動法 移民工人 減少貧困
從醫療政策的角度，分析其對發展中國家經濟的潛在影響。,醫療政策 發展中國家經濟
請從醫療保健體系的角度，分析其對投資者行為的深遠影響。,醫療保健體系 投資者行為
請分析網絡安全如何影響年輕一代，並總結政策建議。,網絡安全 年輕一代
請分析環境政策如何影響低收入群體，並總結政策建議。,環境政策 低收入群體
從歷史與當前數據的角度，分析網絡經濟對學生族群的影響。,網絡經濟 學生族群
請根據數位貨幣的最新研究，探討其對投資者的多層次影響。,數位貨幣 投資者
從數位轉型政策的角度，分析其對失業率的潛在影響。,數位轉型政策 失業率
從歷史與當前數據的角度，分析全球失業率上升對女性工作者的影響。,全球失業率上升 女性工作者
從歷史與當前數據的角度，分析人類遷徙對農村人口的影響。,人類遷徙 農村人口
從歷史與當前數據的角度，分析氣候變化對多國籍勞工的影響。,氣候變化 多國籍勞工
請分析最低工資政策如何影響企業高層，並總結政策建議。,最低工資政策 企業高層
請分析醫療保健體系如何影響移民工人，並總結政策建議。,醫療保健體系 移民工人
請根據網絡安全的最新研究，探討其對跨國公司的多層次影響。,網絡安全 跨國公司
描述數位化在不同地區的應用，並分析其對勞動力市場改善的影響。,數位化 勞動力市場改善
從企業社會責任政策的角度，分析其對貧富差距的潛在影響。,企業社會責任政策 貧富差距
描述自動化在不同地區的應用，並分析其對產業發展的影響。,自動化 產業發展
